,1.0022
,1.0022
,1.0022
,1.0022
,1.0022
,1.0022
,1.0022
,1.0022
,1.0022
,1.0022
,1.0022
,1.0022
,1.0022
,1.0022
,1.0022
,1.0022
,1.0022
,1.0022
,1.0022
,1.0022
,1.0022
,1.0022
,1.0022
,1.0022
,1.0022
,1.0022
,1.0022
,1.0022
,1.0022
,1.0022
,1.0022
,1.0022
,1.0022
,1.0022
,1.0022
,1.0022
,1.0022
,1.0022
,1.0022
,1.0022
,1.0022
,1.0022
,1.0022
,1.0022
,1.0022
,1.0022
,1.0022
,1.0022
,1.0022
,1.0022
,1.0022
,1.0022
,1.0022
,1.0022
,1.033
,1.033
,1.033
,1.033
,1.033
,1.033
,1.033
,1.033
,1.033
,1.033
,1.033
,1.033
,1.033
,1.033
,1.033
,1.033
,1.033
,1.033
,1.033
,1.033
,1.033
,1.033
,1.033
,1.033
,1.033
,1.033
,1.033
,1.033
,1.033
,1.033
,1.033
,1.033
,1.033
,1.033
,1.033
,1.033
,1.033
,1.033
,1.033
,1.033
,1.033
,1.033
,1.033
,1.033
,1.033
,1.033
,1.033
,1.033
,1.033
,1.033
,1.033
,1.033
,1.033
,1.033
,1.033
,1.033
,1.033
,1.033
,1.033
,1.033
,1.033
,1.033
,1.033
,1.033
,1.033
,1.033
,1.033
,1.033
,1.033
,1.033
,1.033
,1.033
,1.033
,1.033
,1.033
,1.033
,1.033
,1.033
,1.033
,1.033
,1.033
,1.033
,1.033
,1.033
,1.033
,1.033
,1.033
,1.033
,1.033
,1.033
,1.033
,1.033
,1.033
,1.033
,1.033
,1.033
,1.033
,1.033
,1.033
,1.033
,1.033
,1.033
,1.033
,1.033
,1.033
,1.033
,1.033
,1.033
,1.033
,1.033
,1.033
,1.033
,1.033
,1.033
,1.033
,1.033
,1.033
,1.033
,1.033
,1.033
,1.033
,1.033
,1.033
,1.033
,1.033
,1.033
,1.033
,1.033
,1.09
,1.09
,1.09
,1.09
,1.09
,1.09
,1.09
,1.09
,1.09
,1.09
,1.09
,1.09
,1.09
,1.09
,1.09
,1.09
,1.09
,1.09
,1.09
,1.09
,1.09
,1.09
,1.09
,1.09
,1.09
,1.09
,1.09
,1.09
,1.09
,1.09
,1.09
,1.09
,1.09
,1.09
,1.09
,1.09
,1.09
,1.09
,1.09
,1.09
,1.09
,1.09
,1.09
,1.09
,1.09
,1.09
,1.09
,1.09
,1.09
,1.09
,1.09
,1.09
,1.09
,1.09
,1.09
,1.09
,1.09
,1.09
,1.09
,1.09
,1.09
,1.09
,1.09
,1.09
,1.09
,1.09
,1.09
,1.09
,1.09
,1.09
,1.09
,1.09
,1.09
,1.09
,1.09
,1.09
,1.09
,1.09
,1.09
,1.09
,1.09
,1.09
,1.09
,1.09
,1.09
,1.09
,1.09
,1.09
,1.09
,1.09
,1.09
,1.09
,1.09
,1.09
,1.09
,1.09
,1.09
,1.09
,1.09
,1.09
,1.09
,1.09
,1.09
,1.09
,1.09
,1.1075
,1.1075
,1.1075
,1.1075
,1.1075
,1.1075
,1.1075
,1.1075
,1.1075
,1.1075
,1.1075
,1.1075
,1.1075
,1.1075
,1.1075
,1.1075
,1.1075
,1.1075
,1.1075
,1.1075
,1.1075
,1.1075
,1.1075
,1.1075
,1.1075
,1.1075
,1.1075
,1.1075
,1.1075
,1.1075
,1.1075
,1.1075
,1.1075
,1.1075
,1.1075
,1.1075
,1.1075
,1.1075
,1.1075
,1.1075
,1.1075
,1.1075
,1.1075
,1.1075
,1.1075
,1.1075
,1.1075
,1.1075
,1.1075
,1.1075
,1.1075
,1.1075
,1.1075
,1.1075
,1.1075
,1.1075
,1.1075
,1.1075
,1.1075
,1.1205
,1.1205
,1.1205
,1.1205
,1.1205
,1.1205
,1.1205
,1.1205
,1.1205
,1.1205
,1.1205
,1.1205
,1.1205
,1.1205
,1.1205
,1.1205
,1.1205
,1.1205
,1.1205
,1.1205
,1.1205
,1.1205
,1.1205
,1.1205
,1.1205
,1.1205
,1.1205
,1.1205
,1.1205
,1.1205
,1.1205
,1.1205
,1.1205
,1.1205
,1.1205
,1.1205
,1.1205
,1.1205
,1.1205
,1.1205
,1.1205
,1.1205
,1.1205
,1.1205
,1.1205
,1.1205
,1.1205
,1.1205
,1.1205
,1.1205
,1.1205
,1.1205
,1.1205
,1.1205
,1.1205
,1.1205
,1.1205
,1.1205
,1.1205
,1.1205
,1.1205
,1.1205
,1.1205
,1.1205
,1.1205
,1.1205
,1.1205
,1.1205
,1.1205
,1.1205
,1.1205
,1.1205
,1.1205
,1.1205
,1.1205
,1.1205
,1.1205
,1.1205
,1.1205
,1.1205
,1.1205
,1.1205
,1.1205
,1.1205
,1.1205
,1.1205
,1.1205
,1.1205
,1.1205
,1.1205
,1.1205
,1.1205
,1.1205
,1.1205
,1.1307
,1.1307
,1.1307
,1.1307
,1.1307
,1.1307
,1.1307
,1.1307
,1.1307
,1.1307
,1.1307
,1.1307
,1.1307
,1.1307
,1.1307
,1.1307
,1.1307
,1.1307
,1.1307
,1.1307
,1.1307
,1.1307
,1.1307
,1.1307
,1.1307
,1.1307
,1.1307
,1.1307
,1.1307
,1.1307
,1.1307
,1.1307
,1.1307
,1.1307
,1.1307
,1.1307
,1.1307
,1.1307
,1.1307
,1.1307
,1.1307
,1.1307
,1.1307
,1.1307
,1.1307
,1.1307
,1.1307
,1.1307
,1.1307
,1.1307
,1.1307
,1.1387
,1.1387
,1.1387
,1.1387
,1.1387
,1.1387
,1.1387
,1.1387
,1.1387
,1.1387
,1.1387
,1.1387
,1.1387
,1.1387
,1.1387
,1.1387
,1.1387
,1.1387
,1.1387
,1.1387
,1.1387
,1.1387
,1.1387
,1.1387
,1.1387
,1.1387
,1.1387
,1.1387
,1.1387
,1.1387
,1.1387
,1.1387
,1.1387
,1.1387
,1.1387
,1.1387
,1.1387
,1.1387
,1.1387
,1.1387
,1.1387
,1.1387
,1.1387
,1.1387
,1.1387
,1.1387
,1.1387
,1.1387
,1.1387
,1.1387
,1.1387
,1.1387
,1.1387
,1.1387
,1.1387
,1.1387
,1.1387
,1.1387
,1.1387
,1.1387
,1.1387
,1.1387
,1.1387
,1.1387
,1.1387
,1.1387
,1.1387
,1.1387
,1.1387
,1.1387
,1.1387
,1.1387
,1.1387
,1.1387
,1.1387
,1.1387
,1.1387
,1.1387
,1.1387
,1.14
,1.14
,1.14
,1.14
,1.14
,1.14
,1.14
,1.14
,1.14
,1.14
,1.14
,1.14
,1.14
,1.14
,1.14
,1.14
,1.14
,1.14
,1.14
,1.14
,1.14
,1.14
,1.14
,1.14
,1.14
,1.14
,1.14
,1.14
,1.14
,1.14
,1.14
,1.14
,1.14
,1.14
,1.14
,1.14
,1.14
,1.14
,1.14
,1.14
,1.14
,1.14
,1.14
,1.14
,1.14
,1.14
,1.16
,1.16
,1.16
,1.16
,1.16
,1.16
,1.16
,1.16
,1.16
,1.16
,1.16
,1.16
,1.16
,1.16
,1.16
,1.16
,1.16
,1.16
,1.16
,1.16
,1.16
,1.16
,1.16
,1.16
,1.16
,1.16
,1.16
,1.16
,1.16
,1.16
,1.16
,1.16
,1.16
,1.16
,1.16
,1.16
,1.16
,1.16
,1.16
,1.16
,1.16
,1.16
,1.16
,1.16
,1.16
,1.16
,1.16
,1.16
,1.16
,1.16
,1.16
,1.16
,1.16
,1.16
,1.16
,1.16
,1.16
,1.16
,1.16
,1.16
,1.16
,1.16
,1.16
,1.16
,1.16
,1.16
,1.16
,1.16
,1.16
,1.16
,1.16
,1.16
,1.16
,1.16
,1.16
,1.16
,1.16
,1.16
,1.16
,1.16
,1.16
,1.16
,1.16
,1.16
,1.16
,1.16
,1.16
,1.16
,1.16
,1.16
,1.16
,1.16
,1.16
,1.16
,1.16
,1.16
,1.16
,1.16
,1.16
,1.16
,1.164
,1.164
,1.164
,1.164
,1.164
,1.164
,1.164
,1.164
,1.164
,1.164
,1.164
,1.164
,1.164
,1.164
,1.164
,1.164
,1.164
,1.164
,1.164
,1.164
,1.164
,1.164
,1.164
,1.164
,1.164
,1.164
,1.164
,1.164
,1.164
,1.164
,1.164
,1.164
,1.164
,1.164
,1.164
,1.164
,1.164
,1.164
,1.164
,1.164
,1.164
,1.164
,1.164
,1.164
,1.164
,1.164
,1.164
,1.164
,1.164
,1.164
,1.164
,1.164
,1.164
,1.164
,1.164
,1.164
,1.164
,1.164
,1.164
,1.164
,1.164
,1.164
,1.164
,1.164
,1.164
,1.164
,1.164
,1.164
,1.164
,1.164
,1.164
,1.164
,1.164
,1.164
,1.164
,1.1648
,1.1648
,1.1648
,1.1648
,1.1648
,1.1648
,1.1648
,1.1648
,1.1648
,1.1648
,1.1648
,1.1648
,1.1648
,1.1648
,1.1648
,1.1648
,1.1648
,1.1648
,1.1648
,1.1648
,1.1648
,1.1648
,1.1648
,1.1648
,1.1648
,1.1648
,1.1648
,1.1648
,1.1648
,1.1648
,1.1648
,1.1648
,1.1648
,1.1648
,1.1648
,1.1648
,1.1648
,1.1648
,1.1648
,1.1648
,1.1648
,1.1648
,1.1648
,1.1648
,1.1648
,1.1648
,1.1648
,1.1648
,1.1648
,1.1648
,1.1648
,1.1648
,1.1648
,1.1648
,1.1648
,1.1648
,1.1648
,1.1648
,1.1648
,1.1648
,1.1648
,1.1648
,1.1648
,1.1648
,1.1648
,1.1648
,1.1648
,1.1648
,1.1648
,1.1648
,1.1648
,1.1648
,1.1648
,1.1648
,1.1648
,1.1648
,1.1648
,1.1648
,1.1648
,1.1648
,1.1792
,1.1792
,1.1792
,1.1792
,1.1792
,1.1792
,1.1792
,1.1792
,1.1792
,1.1792
,1.1792
,1.1792
,1.1792
,1.1792
,1.1792
,1.1792
,1.1792
,1.1792
,1.1792
,1.1792
,1.1792
,1.1792
,1.1792
,1.1792
,1.1792
,1.1792
,1.1792
,1.1792
,1.1792
,1.1792
,1.1792
,1.1792
,1.1792
,1.1792
,1.1792
,1.1792
,1.1792
,1.1792
,1.1792
,1.1792
,1.1792
,1.1792
,1.1792
,1.1792
,1.1792
,1.1792
,1.1792
,1.1792
,1.1792
,1.1792
,1.1792
,1.1792
,1.1792
,1.1792
,1.1792
,1.1792
,1.1792
,1.1792
,1.1792
,1.1792
,1.1792
,1.1792
,1.1792
,1.1792
,1.1792
,1.1792
,1.1792
,1.1792
,1.1792
,1.1792
,1.1792
,1.1792
,1.1892
,1.1892
,1.1892
,1.1892
,1.1892
,1.1892
,1.1892
,1.1892
,1.1892
,1.1892
,1.1892
,1.1892
,1.1892
,1.1892
,1.1892
,1.1892
,1.1892
,1.1892
,1.1892
,1.1892
,1.1892
,1.1892
,1.1892
,1.1892
,1.1892
,1.1892
,1.1892
,1.1892
,1.1892
,1.1892
,1.1892
,1.1892
,1.1892
,1.1892
,1.1892
,1.1892
,1.1892
,1.1892
,1.1892
,1.1892
,1.1892
,1.1892
,1.1892
,1.1892
,1.1892
,1.1892
,1.1892
,1.1892
,1.1892
,1.1892
,1.1892
,1.1892
,1.1892
,1.1892
,1.1892
,1.1892
,1.1892
,1.1892
,1.1892
,1.1892
,1.1892
,1.1892
,1.1892
,1.1892
,1.1892
,1.1892
,1.1932
,1.1932
,1.1932
,1.1932
,1.1932
,1.1932
,1.1932
,1.1932
,1.1932
,1.1932
,1.1932
,1.1932
,1.1932
,1.1932
,1.1932
,1.1932
,1.1932
,1.1932
,1.1932
,1.1932
,1.1932
,1.1932
,1.1932
,1.1932
,1.1932
,1.1932
,1.1932
,1.1932
,1.1932
,1.1932
,1.1932
,1.1932
,1.1932
,1.1932
,1.1932
,1.1932
,1.1932
,1.1932
,1.1932
,1.1932
,1.1932
,1.1932
,1.1932
,1.1932
,1.1932
,1.1932
,1.1932
,1.1932
,1.1932
,1.1932
,1.1932
,1.1932
,1.1932
,1.1932
,1.1932
,1.1932
,1.1932
,1.1932
,1.1932
,1.1932
,1.1932
,1.1932
,1.1932
,1.2043
,1.2043
,1.2043
,1.2043
,1.2043
,1.2043
,1.2043
,1.2043
,1.2043
,1.2043
,1.2043
,1.2043
,1.2043
,1.2043
,1.2043
,1.2043
,1.2043
,1.2043
,1.2043
,1.2043
,1.2043
,1.2043
,1.2043
,1.2043
,1.2043
,1.2043
,1.2043
,1.2043
,1.2043
,1.2043
,1.2043
,1.2043
,1.2043
,1.2043
,1.2043
,1.2043
,1.2043
,1.2043
,1.2043
,1.2043
,1.2043
,1.2043
,1.2043
,1.2043
,1.2043
,1.2043
,1.2043
,1.2043
,1.2043
,1.2043
,1.2043
,1.2043
,1.2043
,1.2043
,1.2043
,1.2043
,1.2043
,1.2043
,1.2043
,1.2043
,1.2043
,1.2043
,1.2043
,1.2043
,1.2043
,1.2043
,1.2043
,1.2043
,1.2043
,1.2043
,1.2043
,1.2043
,1.2043
,1.2043
,1.2043
,1.2043
,1.2043
,1.2043
,1.2043
,1.2043
,1.2043
,1.206
,1.206
,1.206
,1.206
,1.206
,1.206
,1.206
,1.206
,1.206
,1.206
,1.206
,1.206
,1.206
,1.206
,1.206
,1.206
,1.206
,1.206
,1.206
,1.206
,1.206
,1.206
,1.206
,1.206
,1.206
,1.206
,1.206
,1.206
,1.206
,1.206
,1.206
,1.206
,1.206
,1.206
,1.206
,1.206
,1.206
,1.206
,1.206
,1.206
,1.206
,1.206
,1.206
,1.206
,1.206
,1.206
,1.206
,1.206
,1.206
,1.206
,1.206
,1.206
,1.206
,1.206
,1.206
,1.206
,1.206
,1.206
,1.206
,1.206
,1.206
,1.206
,1.206
,1.206
,1.206
,1.206
,1.206
,1.206
,1.206
,1.206
,1.206
,1.206
,1.206
,1.206
,1.206
,1.206
,1.2088
,1.2088
,1.2088
,1.2088
,1.2088
,1.2088
,1.2088
,1.2088
,1.2088
,1.2088
,1.2088
,1.2088
,1.2088
,1.2088
,1.2088
,1.2088
,1.2088
,1.2088
,1.2088
,1.2088
,1.2088
,1.2088
,1.2088
,1.2088
,1.2088
,1.2088
,1.2088
,1.2088
,1.2088
,1.2088
,1.2088
,1.2088
,1.2088
,1.2088
,1.2088
,1.2088
,1.2088
,1.2088
,1.2088
,1.2088
,1.2088
,1.2088
,1.2088
,1.2155
,1.2155
,1.2155
,1.2155
,1.2155
,1.2155
,1.2155
,1.2155
,1.2155
,1.2155
,1.2155
,1.2155
,1.2155
,1.2155
,1.2155
,1.2155
,1.2155
,1.2237
,1.2237
,1.2237
,1.2237
,1.2237
,1.2237
,1.2237
,1.2237
,1.2237
,1.2237
,1.2237
,1.2237
,1.2237
,1.2237
,1.2237
,1.2237
,1.2237
,1.2237
,1.2237
,1.2237
,1.2237
,1.2237
,1.2237
,1.2237
,1.2237
,1.2237
,1.2237
,1.2237
,1.2237
,1.2237
,1.2237
,1.2237
,1.2237
,1.2237
,1.2237
,1.2237
,1.2237
,1.2237
,1.2237
,1.2237
,1.2237
,1.2237
,1.2237
,1.2237
,1.2237
,1.2237
,1.2237
,1.2237
,1.2237
,1.2237
,1.2237
,1.2237
,1.2237
,1.2237
,1.2237
,1.238
,1.238
,1.238
,1.238
,1.238
,1.238
,1.238
,1.238
,1.238
,1.238
,1.238
,1.238
,1.238
,1.238
,1.238
,1.238
,1.238
,1.238
,1.238
,1.238
,1.238
,1.238
,1.238
,1.238
,1.238
,1.238
,1.238
,1.238
,1.238
,1.238
,1.238
,1.238
,1.238
,1.238
,1.238
,1.238
,1.238
,1.238
,1.238
,1.238
,1.238
,1.238
,1.238
,1.238
,1.238
,1.238
,1.238
,1.238
,1.238
,1.238
,1.238
,1.238
,1.238
,1.238
,1.238
,1.238
,1.238
,1.238
,1.238
,1.238
,1.238
,1.238
,1.238
,1.238
,1.238
,1.238
,1.238
,1.238
,1.238
,1.238
,1.238
,1.238
,1.238
,1.238
,1.238
,1.238
,1.238
,1.238
,1.238
,1.238
,1.238
,1.238
,1.238
,1.238
,1.238
,1.238
,1.238
,1.238
,1.238
,1.238
,1.238
,1.238
,1.238
,1.238
,1.238
,1.238
,1.238
,1.238
,1.238
,1.238
,1.238
,1.238
,1.238
,1.238
,1.238
,1.238
,1.238
,1.238
,1.238
,1.238
,1.238
,1.238
,1.238
,1.238
,1.238
,1.2428
,1.2428
,1.2428
,1.2428
,1.2428
,1.2428
,1.2428
,1.2428
,1.2428
,1.2428
,1.2428
,1.2428
,1.2428
,1.2428
,1.2428
,1.2428
,1.2428
,1.2428
,1.2428
,1.2428
,1.2428
,1.2428
,1.2428
,1.2428
,1.2428
,1.2428
,1.2428
,1.2428
,1.2428
,1.2428
,1.2428
,1.2428
,1.2428
,1.2428
,1.2428
,1.2428
,1.2428
,1.2428
,1.2428
,1.2428
,1.2428
,1.2428
,1.2428
,1.2428
,1.2428
,1.2428
,1.2428
,1.2428
,1.2428
,1.2428
,1.2428
,1.2428
,1.2428
,1.2428
,1.2428
,1.2428
,1.2428
,1.2428
,1.2428
,1.2428
,1.2428
,1.2428
,1.2428
,1.2428
,1.2428
,1.2428
,1.2428
,1.2428
,1.2428
,1.2428
,1.2428
,1.2428
,1.2428
,1.2428
,1.2428
,1.2428
,1.2428
,1.2428
,1.2428
,1.2428
,1.2428
,1.2428
,1.2428
,1.2428
,1.2428
,1.2428
,1.2428
,1.2428
,1.2428
,1.2428
,1.2428
,1.2428
,1.2428
,1.2428
,1.2428
,1.2428
,1.2428
,1.2428
,1.2428
,1.2428
,1.2428
,1.2428
,1.2428
,1.2428
,1.2428
,1.2428
,1.2428
,1.2428
,1.2428
,1.2428
,1.2428
,1.2428
,1.2428
,1.2442
,1.2442
,1.2442
,1.2442
,1.2442
,1.2442
,1.2442
,1.2442
,1.2442
,1.2442
,1.2442
,1.2442
,1.2442
,1.2442
,1.2442
,1.2442
,1.2442
,1.2442
,1.2442
,1.2442
,1.2442
,1.2442
,1.2442
,1.2442
,1.2442
,1.2442
,1.2442
,1.2442
,1.2442
,1.2442
,1.2442
,1.2442
,1.2442
,1.2442
,1.2442
,1.2442
,1.2442
,1.2442
,1.2442
,1.2442
,1.2442
,1.2442
,1.2442
,1.2442
,1.2442
,1.2442
,1.2442
,1.2442
,1.2442
,1.2442
,1.2442
,1.2442
,1.2442
,1.2442
,1.2442
,1.2442
,1.2442
,1.2442
,1.2442
,1.2442
,1.2442
,1.2442
,1.2442
,1.2442
,1.2442
,1.2442
,1.2442
,1.2442
,1.2442
,1.2442
,1.2442
,1.2442
,1.2442
,1.2442
,1.2442
,1.2442
,1.2442
,1.2442
,1.2442
,1.2442
,1.2442
,1.2442
,1.2442
,1.2442
,1.2442
,1.2442
,1.2442
,1.2442
,1.2442
,1.2442
,1.2442
,1.2442
,1.2442
,1.2442
,1.2442
,1.2442
,1.2442
,1.2442
,1.2442
,1.2442
,1.2442
,1.2442
,1.2442
,1.2442
,1.2442
,1.2442
,1.2442
,1.2442
,1.2442
,1.2442
,1.2442
,1.2442
,1.2442
,1.2442
,1.2442
,1.2442
,1.2442
,1.2442
,1.2442
,1.2442
,1.2442
,1.2442
,1.2442
,1.2442
,1.2442
,1.2442
,1.2442
,1.2442
,1.2442
,1.2442
,1.2442
,1.2442
,1.2442
,1.2442
,1.2442
,1.2442
,1.2442
,1.2442
,1.2442
,1.2442
,1.2442
,1.2442
,1.2442
,1.2442
,1.2448
,1.2448
,1.2448
,1.2448
,1.2448
,1.2448
,1.2448
,1.2448
,1.2448
,1.2448
,1.2448
,1.2448
,1.2448
,1.2448
,1.2448
,1.2448
,1.2448
,1.2448
,1.2448
,1.2448
,1.2448
,1.2448
,1.2448
,1.2448
,1.2448
,1.2448
,1.2448
,1.2448
,1.2448
,1.2448
,1.2448
,1.2448
,1.2448
,1.2448
,1.2448
,1.2448
,1.2448
,1.2448
,1.2448
,1.2448
,1.2448
,1.2448
,1.2448
,1.2448
,1.2448
,1.2448
,1.2448
,1.2448
,1.2448
,1.2448
,1.2448
,1.2448
,1.2448
,1.2448
,1.2448
,1.2448
,1.2448
,1.2448
,1.2448
,1.2448
,1.2448
,1.2448
,1.2448
,1.2448
,1.2448
,1.2448
,1.2448
,1.2448
,1.2448
,1.2448
,1.2448
,1.2448
,1.2448
,1.2456
,1.2456
,1.2456
,1.2456
,1.2456
,1.2456
,1.2456
,1.2456
,1.2456
,1.2456
,1.2456
,1.2456
,1.2456
,1.2456
,1.2456
,1.2456
,1.2456
,1.2456
,1.2456
,1.2456
,1.2456
,1.2456
,1.2456
,1.2456
,1.2456
,1.2456
,1.2456
,1.2456
,1.2456
,1.2456
,1.2456
,1.2456
,1.2456
,1.2456
,1.2456
,1.2456
,1.2456
,1.2456
,1.2456
,1.2456
,1.2456
,1.2456
,1.2456
,1.2456
,1.2456
,1.2456
,1.2456
,1.2456
,1.2456
,1.2456
,1.2456
,1.2456
,1.2456
,1.2456
,1.2456
,1.2456
,1.2456
,1.2456
,1.2456
,1.2456
,1.2456
,1.2456
,1.2456
,1.2456
,1.2456
,1.2456
,1.2456
,1.2456
,1.2456
,1.2456
,1.2456
,1.2456
,1.2456
,1.2456
,1.2456
,1.2456
,1.2456
,1.2456
,1.2456
,1.2456
,1.2456
,1.2456
,1.2456
,1.2456
,1.2456
,1.2456
,1.2456
,1.2456
,1.2456
,1.2456
,1.2456
,1.2456
,1.2456
,1.2456
,1.2456
,1.2456
,1.2473
,1.2473
,1.2473
,1.2473
,1.2473
,1.2473
,1.2473
,1.2473
,1.2473
,1.2473
,1.2473
,1.2473
,1.2473
,1.2473
,1.2473
,1.2473
,1.2473
,1.2473
,1.2473
,1.2473
,1.2473
,1.2473
,1.2473
,1.2473
,1.2473
,1.2473
,1.2473
,1.2473
,1.2473
,1.2473
,1.2473
,1.2473
,1.2473
,1.2473
,1.2473
,1.2473
,1.2473
,1.2473
,1.2473
,1.2473
,1.2473
,1.2473
,1.2473
,1.2473
,1.2473
,1.2473
,1.2473
,1.2473
,1.2473
,1.2473
,1.2473
,1.2473
,1.2473
,1.2473
,1.2473
,1.2473
,1.2473
,1.2473
,1.2473
,1.2473
,1.2473
,1.2473
,1.2473
,1.2475
,1.2475
,1.2475
,1.2475
,1.2475
,1.2475
,1.2475
,1.2475
,1.2475
,1.2475
,1.2475
,1.2475
,1.2475
,1.2475
,1.2475
,1.2475
,1.2475
,1.2475
,1.2475
,1.2475
,1.2475
,1.2475
,1.2475
,1.2475
,1.2475
,1.2475
,1.2475
,1.2475
,1.2475
,1.2475
,1.2475
,1.2475
,1.2475
,1.2475
,1.2475
,1.2475
,1.2475
,1.2475
,1.2475
,1.2475
,1.2475
,1.2475
,1.2475
,1.2475
,1.2475
,1.2475
,1.2475
,1.2475
,1.2475
,1.2475
,1.2475
,1.2475
,1.2475
,1.2475
,1.2475
,1.2475
,1.2475
,1.2475
,1.2475
,1.2475
,1.2475
,1.2475
,1.2475
,1.2475
,1.2475
,1.2475
,1.2475
,1.2475
,1.2475
,1.2475
,1.2475
,1.2475
,1.2475
,1.2493
,1.2493
,1.2493
,1.2493
,1.2493
,1.2493
,1.2493
,1.2493
,1.2493
,1.2493
,1.2493
,1.2493
,1.2493
,1.2493
,1.2493
,1.2493
,1.2493
,1.2493
,1.2493
,1.2493
,1.2493
,1.2493
,1.2493
,1.2493
,1.2493
,1.2493
,1.2493
,1.2493
,1.2493
,1.2493
,1.2493
,1.2493
,1.2493
,1.2493
,1.2493
,1.2493
,1.2493
,1.2493
,1.2493
,1.2493
,1.2493
,1.2493
,1.2493
,1.2493
,1.2493
,1.2493
,1.2493
,1.2493
,1.2493
,1.2493
,1.2493
,1.2493
,1.2493
,1.2493
,1.2493
,1.2493
,1.2493
,1.2493
,1.2493
,1.2493
,1.2493
,1.2493
,1.2493
,1.2493
,1.2493
,1.2493
,1.2493
,1.2493
,1.2493
,1.2493
,1.2493
,1.2493
,1.2493
,1.2493
,1.2493
,1.2493
,1.2493
,1.2493
,1.2493
,1.2493
,1.2493
,1.2493
,1.2493
,1.2493
,1.2493
,1.2493
,1.2493
,1.2493
,1.2493
,1.2493
,1.2493
,1.2493
,1.2493
,1.2493
,1.2493
,1.2493
,1.2493
,1.2493
,1.2493
,1.2503
,1.2503
,1.2503
,1.2503
,1.2503
,1.2503
,1.2503
,1.2503
,1.2503
,1.2503
,1.2503
,1.2503
,1.2503
,1.2503
,1.2503
,1.2503
,1.2503
,1.2503
,1.2503
,1.2503
,1.2503
,1.2503
,1.2503
,1.2503
,1.2503
,1.2503
,1.2503
,1.2503
,1.2503
,1.2503
,1.2503
,1.2503
,1.2503
,1.2503
,1.2503
,1.2503
,1.2503
,1.2503
,1.2503
,1.2503
,1.2503
,1.2503
,1.2503
,1.2503
,1.2503
,1.2503
,1.2503
,1.2503
,1.2503
,1.2503
,1.2503
,1.2503
,1.2503
,1.2503
,1.2503
,1.2503
,1.2503
,1.2503
,1.2503
,1.2503
,1.2503
,1.2503
,1.2503
,1.2503
,1.2503
,1.2503
,1.2503
,1.2503
,1.2503
,1.2503
,1.2503
,1.2503
,1.2503
,1.2503
,1.2503
,1.251
,1.251
,1.251
,1.251
,1.251
,1.251
,1.251
,1.251
,1.251
,1.251
,1.251
,1.251
,1.251
,1.251
,1.251
,1.251
,1.251
,1.251
,1.251
,1.251
,1.251
,1.251
,1.251
,1.251
,1.251
,1.251
,1.251
,1.251
,1.251
,1.251
,1.251
,1.251
,1.252
,1.252
,1.252
,1.252
,1.252
,1.252
,1.252
,1.252
,1.252
,1.252
,1.252
,1.252
,1.252
,1.252
,1.252
,1.252
,1.252
,1.252
,1.252
,1.252
,1.252
,1.252
,1.252
,1.252
,1.252
,1.252
,1.252
,1.252
,1.252
,1.252
,1.252
,1.252
,1.252
,1.252
,1.252
,1.252
,1.252
,1.252
,1.252
,1.252
,1.252
,1.252
,1.252
,1.252
,1.252
,1.252
,1.252
,1.252
,1.252
,1.252
,1.252
,1.252
,1.252
,1.252
,1.252
,1.252
,1.252
,1.252
,1.252
,1.252
,1.252
,1.252
,1.252
,1.252
,1.252
,1.252
,1.252
,1.252
,1.252
,1.252
,1.252
,1.252
,1.252
,1.252
,1.2585
,1.2585
,1.2585
,1.2585
,1.2585
,1.2585
,1.2585
,1.2585
,1.2585
,1.2585
,1.2585
,1.2585
,1.2585
,1.2585
,1.2585
,1.2585
,1.2585
,1.2585
,1.2585
,1.2585
,1.2585
,1.2585
,1.2585
,1.2585
,1.2585
,1.2585
,1.2585
,1.2585
,1.2585
,1.2585
,1.2585
,1.2585
,1.2585
,1.2585
,1.2585
,1.2585
,1.2585
,1.2585
,1.2585
,1.2585
,1.2585
,1.2585
,1.2585
,1.2585
,1.2585
,1.2585
,1.2585
,1.2585
,1.2585
,1.2585
,1.2585
,1.2585
,1.2585
,1.2585
,1.2585
,1.2585
,1.2585
,1.2605
,1.2605
,1.2605
,1.2605
,1.2605
,1.2605
,1.2605
,1.2605
,1.2605
,1.2605
,1.2605
,1.2605
,1.2605
,1.2605
,1.2605
,1.2605
,1.2605
,1.2605
,1.2605
,1.2605
,1.2605
,1.2605
,1.2605
,1.2605
,1.2605
,1.2605
,1.2605
,1.2605
,1.2605
,1.2605
,1.2605
,1.2605
,1.2605
,1.2605
,1.2605
,1.2605
,1.2605
,1.2605
,1.2605
,1.2605
,1.2605
,1.2605
,1.2605
,1.2605
,1.2605
,1.2605
,1.2605
,1.2605
,1.2605
,1.2605
,1.2605
,1.2605
,1.2605
,1.2605
,1.2605
,1.2605
,1.2605
,1.2605
,1.2605
,1.2605
,1.2605
,1.2605
,1.2605
,1.2605
,1.2605
,1.2605
,1.2605
,1.2605
,1.2625
,1.2625
,1.2625
,1.2625
,1.2625
,1.2625
,1.2625
,1.2625
,1.2625
,1.2625
,1.2625
,1.2625
,1.2625
,1.2625
,1.2625
,1.2625
,1.2625
,1.2625
,1.2625
,1.2625
,1.2625
,1.2625
,1.2625
,1.2625
,1.2625
,1.2625
,1.2625
,1.2625
,1.2625
,1.2625
,1.2625
,1.2625
,1.2625
,1.2625
,1.2625
,1.2625
,1.2625
,1.2625
,1.2625
,1.2625
,1.2625
,1.2625
,1.2625
,1.2625
,1.2625
,1.2625
,1.2625
,1.2625
,1.2625
,1.2625
,1.2625
,1.2625
,1.2625
,1.2625
,1.2625
,1.2625
,1.2625
,1.2625
,1.2625
,1.2625
,1.2625
,1.2625
,1.2625
,1.2625
,1.2625
,1.2625
,1.2625
,1.2625
,1.2625
,1.2625
,1.2625
,1.2625
,1.2625
,1.2625
,1.2625
,1.2625
,1.2625
,1.2625
,1.2625
,1.2625
,1.2625
,1.2625
,1.2625
,1.2625
,1.2625
,1.2625
,1.2625
,1.2625
,1.2625
,1.2625
,1.2625
,1.2625
,1.2625
,1.2625
,1.2625
,1.2625
,1.2625
,1.2625
,1.2625
,1.2635
,1.2635
,1.2635
,1.2635
,1.2635
,1.2635
,1.2635
,1.2635
,1.2635
,1.2635
,1.2635
,1.2635
,1.2635
,1.2635
,1.2635
,1.2635
,1.2635
,1.2635
,1.2635
,1.2635
,1.2635
,1.2635
,1.2635
,1.2635
,1.2635
,1.2635
,1.2635
,1.2635
,1.2635
,1.2635
,1.2635
,1.2635
,1.2635
,1.2635
,1.2635
,1.2635
,1.2635
,1.2635
,1.2635
,1.2635
,1.2635
,1.2635
,1.2635
,1.2635
,1.2635
,1.2635
,1.2635
,1.2635
,1.2635
,1.2635
,1.2635
,1.2635
,1.2635
,1.2635
,1.2635
,1.2635
,1.2635
,1.2635
,1.2635
,1.2635
,1.2635
,1.2635
,1.2635
,1.2635
,1.2635
,1.2635
,1.2635
,1.2637
,1.2637
,1.2637
,1.2637
,1.2637
,1.2637
,1.2637
,1.2637
,1.2637
,1.2637
,1.2637
,1.2637
,1.2637
,1.2637
,1.2637
,1.2637
,1.2637
,1.2637
,1.2637
,1.2637
,1.2637
,1.2637
,1.2637
,1.2637
,1.2637
,1.2637
,1.2637
,1.2637
,1.2637
,1.2637
,1.2637
,1.2637
,1.2637
,1.2637
,1.2637
,1.2637
,1.2637
,1.2637
,1.2637
,1.2637
,1.2637
,1.2637
,1.2637
,1.2637
,1.2637
,1.2637
,1.2637
,1.2637
,1.2637
,1.2637
,1.2637
,1.2637
,1.2637
,1.2637
,1.2637
,1.2637
,1.2637
,1.2637
,1.2637
,1.2637
,1.2637
,1.2637
,1.2637
,1.2637
,1.2637
,1.2637
,1.2637
,1.2637
,1.2637
,1.2637
,1.2637
,1.2637
,1.2637
,1.2637
,1.2637
,1.2637
,1.2637
,1.2637
,1.2637
,1.2637
,1.264
,1.264
,1.264
,1.264
,1.264
,1.264
,1.264
,1.264
,1.264
,1.264
,1.264
,1.264
,1.264
,1.264
,1.264
,1.264
,1.264
,1.264
,1.264
,1.264
,1.264
,1.264
,1.264
,1.264
,1.264
,1.264
,1.264
,1.264
,1.264
,1.264
,1.264
,1.264
,1.264
,1.264
,1.264
,1.264
,1.264
,1.264
,1.264
,1.264
,1.264
,1.264
,1.264
,1.264
,1.264
,1.264
,1.264
,1.264
,1.264
,1.264
,1.264
,1.264
,1.264
,1.264
,1.264
,1.264
,1.264
,1.264
,1.264
,1.264
,1.264
,1.264
,1.264
,1.264
,1.264
,1.264
,1.264
,1.264
,1.264
,1.264
,1.264
,1.264
,1.264
,1.264
,1.264
,1.264
,1.264
,1.264
,1.264
,1.264
,1.264
,1.264
,1.264
,1.264
,1.264
,1.264
,1.264
,1.264
,1.2665
,1.2665
,1.2665
,1.2665
,1.2665
,1.2665
,1.2665
,1.2665
,1.2665
,1.2665
,1.2665
,1.2665
,1.2665
,1.2665
,1.2665
,1.2665
,1.2665
,1.2665
,1.2665
,1.2665
,1.2665
,1.2665
,1.2665
,1.2665
,1.2665
,1.2665
,1.2665
,1.2665
,1.2665
,1.2665
,1.2665
,1.2665
,1.2665
,1.2665
,1.2665
,1.2665
,1.2665
,1.2665
,1.2665
,1.2665
,1.2665
,1.2665
,1.2665
,1.2665
,1.2665
,1.2665
,1.2665
,1.2665
,1.2665
,1.2665
,1.2665
,1.2665
,1.2665
,1.2665
,1.2665
,1.2665
,1.2665
,1.2665
,1.272
,1.272
,1.272
,1.272
,1.272
,1.272
,1.272
,1.272
,1.272
,1.272
,1.272
,1.272
,1.272
,1.272
,1.272
,1.272
,1.272
,1.272
,1.272
,1.272
,1.272
,1.272
,1.272
,1.272
,1.272
,1.272
,1.272
,1.272
,1.272
,1.272
,1.272
,1.272
,1.272
,1.272
,1.272
,1.272
,1.272
,1.272
,1.272
,1.272
,1.272
,1.272
,1.272
,1.272
,1.272
,1.272
,1.272
,1.272
,1.272
,1.272
,1.272
,1.272
,1.272
,1.272
,1.272
,1.272
,1.272
,1.272
,1.272
,1.272
,1.272
,1.272
,1.272
,1.272
,1.275
,1.275
,1.275
,1.275
,1.275
,1.275
,1.275
,1.275
,1.275
,1.275
,1.275
,1.275
,1.275
,1.275
,1.275
,1.275
,1.275
,1.275
,1.275
,1.275
,1.275
,1.275
,1.275
,1.275
,1.275
,1.275
,1.275
,1.275
,1.275
,1.275
,1.275
,1.275
,1.275
,1.275
,1.275
,1.275
,1.275
,1.275
,1.275
,1.275
,1.275
,1.275
,1.275
,1.275
,1.275
,1.275
,1.275
,1.275
,1.275
,1.275
,1.275
,1.275
,1.275
,1.275
,1.275
,1.275
,1.275
,1.275
,1.275
,1.275
,1.275
,1.275
,1.275
,1.275
,1.275
,1.275
,1.275
,1.275
,1.275
,1.275
,1.275
,1.275
,1.275
,1.2893
,1.2893
,1.2893
,1.2893
,1.2893
,1.2893
,1.2893
,1.2893
,1.2893
,1.2893
,1.2893
,1.2893
,1.2893
,1.2893
,1.2893
,1.2893
,1.2893
,1.2893
,1.2893
,1.2893
,1.2893
,1.2893
,1.2893
,1.2893
,1.2893
,1.2893
,1.2893
,1.2893
,1.2893
,1.2893
,1.2893
,1.2893
,1.2893
,1.2893
,1.2893
,1.2893
,1.2893
,1.2893
,1.2893
,1.2893
,1.2893
,1.2893
,1.2893
,1.2893
,1.2893
,1.2893
,1.2893
,1.2893
,1.2893
,1.2893
,1.2893
,1.2893
,1.2893
,1.2893
,1.2893
,1.2893
,1.2893
,1.2893
,1.2893
,1.2893
,1.2893
,1.2893
,1.2893
,1.2893
,1.2893
,1.2893
,1.2893
,1.2893
,1.2893
,1.2893
,1.2902
,1.2902
,1.2902
,1.2902
,1.2902
,1.2902
,1.2902
,1.2902
,1.2902
,1.2902
,1.2902
,1.2902
,1.2902
,1.2902
,1.2902
,1.2902
,1.2902
,1.2902
,1.2902
,1.2902
,1.2902
,1.2902
,1.2902
,1.2902
,1.2902
,1.2902
,1.2902
,1.2902
,1.2902
,1.2902
,1.2902
,1.2902
,1.2902
,1.2902
,1.2902
,1.2902
,1.2902
,1.2902
,1.2902
,1.2902
,1.2902
,1.2902
,1.2902
,1.2902
,1.2902
,1.2902
,1.2902
,1.2902
,1.2902
,1.2902
,1.2902
,1.2902
,1.2902
,1.2902
,1.2902
,1.2902
,1.2902
,1.2902
,1.2902
,1.2902
,1.2902
,1.2902
,1.2902
,1.2902
,1.2902
,1.2902
,1.2902
,1.2902
,1.2902
,1.2902
,1.2902
,1.2902
,1.2902
,1.2902
,1.2902
,1.2902
,1.2982
,1.2982
,1.2982
,1.2982
,1.2982
,1.2982
,1.2982
,1.2982
,1.2982
,1.2982
,1.2982
,1.2982
,1.2982
,1.2982
,1.2982
,1.2982
,1.2982
,1.2982
,1.2982
,1.2982
,1.2982
,1.2982
,1.2982
,1.2982
,1.2982
,1.2982
,1.2982
,1.2982
,1.2982
,1.2982
,1.2982
,1.2993
,1.2993
,1.2993
,1.2993
,1.2993
,1.2993
,1.2993
,1.2993
,1.2993
,1.2993
,1.2993
,1.2993
,1.2993
,1.2993
,1.2993
,1.2993
,1.2993
,1.2993
,1.2993
,1.3095
,1.3095
,1.3095
,1.3095
,1.3095
,1.3095
,1.3095
,1.3095
,1.3095
,1.3095
,1.3095
,1.3095
,1.3095
,1.3095
,1.3095
,1.3095
,1.3095
,1.3095
,1.3095
,1.3095
,1.3095
,1.3095
,1.3095
,1.3095
,1.3095
,1.32
,1.32
,1.32
,1.32
,1.32
,1.32
,1.32
,1.32
,1.32
,1.32
,1.32
,1.32
,1.32
,1.32
,1.32
,1.32
,1.32
,1.32
,1.32
,1.32
,1.32
,1.32
,1.32
,1.32
,1.32
,1.32
,1.32
,1.32
,1.32
,1.32
,1.32
,1.32
,1.32
,1.32
,1.32
,1.32
,1.32
,1.32
,1.32
,1.32
,1.32
,1.32
,1.32
,1.32
,1.32
,1.32
,1.32
,1.32
,1.32
,1.32
,1.32
,1.32
,1.32
,1.32
,1.32
,1.32
,1.32
,1.32
,1.32
,1.32
,1.32
,1.32
,1.32
,1.32
,1.32
,1.32
,1.32
,1.32
,1.32
,1.32
,1.32
,1.32
,1.32
,1.32
,1.32
,1.32
,1.32
,1.32
,1.32
,1.32
,1.32
,1.32
,1.32
,1.32
,1.32
,1.32
,1.32
,1.32
,1.32
,1.32
,1.32
,1.32
,1.32
,1.32
,1.32
,1.32
,1.32
,1.32
,1.32
,1.32
,1.32
,1.32
,1.32
,1.32
,1.3233
,1.3233
,1.3233
,1.3233
,1.3233
,1.3233
,1.3233
,1.3233
,1.3233
,1.3233
,1.3233
,1.3233
,1.3233
,1.3233
,1.3233
,1.3233
,1.3233
,1.3233
,1.3233
,1.3233
,1.3233
,1.3233
,1.3233
,1.3233
,1.3233
,1.3233
,1.3233
,1.3233
,1.3233
,1.3233
,1.3233
,1.3233
,1.3233
,1.3233
,1.3233
,1.3233
,1.3233
,1.3233
,1.3233
,1.3233
,1.3233
,1.3233
,1.3233
,1.3233
,1.3233
,1.3233
,1.3233
,1.3233
,1.3233
,1.3233
,1.3233
,1.3233
,1.3233
,1.3233
,1.3233
,1.3233
,1.3233
,1.3233
,1.3233
,1.3233
,1.3233
,1.3233
,1.3233
,1.3233
,1.3233
,1.3233
,1.3233
,1.3233
,1.3233
,1.3233
,1.3233
,1.3233
,1.3325
,1.3325
,1.3325
,1.3325
,1.3325
,1.3325
,1.3325
,1.3325
,1.3325
,1.3325
,1.3325
,1.3325
,1.3325
,1.3325
,1.3325
,1.3325
,1.3325
,1.3325
,1.3325
,1.3325
,1.3325
,1.3325
,1.3325
,1.3325
,1.3325
,1.3325
,1.3325
,1.3325
,1.3325
,1.3325
,1.3325
,1.3325
,1.3325
,1.3325
,1.3325
,1.3325
,1.3325
,1.3325
,1.3325
,1.3325
,1.3325
,1.3325
,1.3325
,1.3325
,1.3325
,1.3325
,1.3325
,1.3325
,1.3325
,1.3325
,1.3325
,1.3325
,1.3325
,1.3325
,1.3325
,1.3325
,1.3325
,1.3325
,1.3325
,1.3325
,1.3325
,1.3325
,1.3325
,1.3325
,1.3325
,1.3325
,1.3325
,1.3325
,1.3325
,1.3325
,1.3325
,1.3325
,1.3325
,1.3325
,1.3325
,1.3325
,1.3325
,1.3325
,1.3325
,1.3325
,1.3325
,1.3325
,1.3325
,1.3325
,1.3325
,1.3325
,1.3325
,1.3325
,1.3325
,1.3325
,1.3325
,1.3325
,1.3325
,1.3465
,1.3465
,1.3465
,1.3465
,1.3465
,1.3465
,1.3465
,1.3465
,1.3465
,1.3465
,1.3465
,1.3465
,1.3465
,1.3465
,1.3465
,1.3465
,1.3465
,1.3465
,1.3465
,1.3465
,1.3465
,1.3465
,1.3465
,1.3465
,1.3465
,1.3465
,1.3465
,1.3465
,1.3465
,1.3465
,1.3465
,1.3465
,1.3465
,1.3465
,1.3465
,1.3465
,1.3465
,1.3465
,1.3465
,1.3465
,1.3465
,1.3465
,1.3465
,1.3465
,1.3465
,1.3465
,1.3465
,1.3465
,1.3465
,1.3465
,1.3465
,1.3465
,1.3465
,1.3465
,1.3465
,1.3465
,1.3465
,1.3465
,1.3465
,1.3465
,1.3465
,1.3465
,1.3465
,1.3465
,1.3465
,1.3465
,1.3465
,1.3465
,1.3465
,1.3465
,1.3465
,1.3465
,1.3465
,1.3465
,1.3465
,1.3465
,1.3465
,1.3465
,1.3465
,1.3465
,1.3465
,1.3465
,1.3465
,1.3465
,1.3465
,1.3465
,1.3493
,1.3493
,1.3493
,1.3493
,1.3493
,1.3493
,1.3493
,1.3493
,1.3493
,1.3493
,1.3493
,1.3493
,1.3493
,1.3493
,1.3493
,1.3493
,1.3493
,1.3493
,1.3493
,1.3493
,1.3493
,1.3493
,1.3493
,1.3493
,1.3493
,1.3493
,1.3493
,1.3493
,1.3493
,1.3493
,1.3493
,1.3493
,1.3493
,1.3493
,1.3493
,1.3493
,1.3493
,1.3493
,1.3493
,1.3493
,1.3493
,1.3493
,1.3493
,1.3493
,1.3493
,1.3493
,1.3493
,1.3493
,1.3493
,1.3493
,1.3493
,1.3493
,1.3493
,1.3493
,1.3493
,1.3493
,1.3493
,1.3493
,1.3493
,1.3493
,1.3493
,1.3493
,1.3493
,1.3493
,1.3493
,1.3493
,1.3493
,1.3493
,1.3493
,1.3493
,1.3493
,1.3493
,1.3493
,1.3493
,1.3493
,1.3493
,1.3493
,1.3493
,1.3493
,1.3493
,1.3493
,1.3493
,1.3493
,1.3493
,1.3493
,1.3493
,1.3493
,1.3493
,1.3493
,1.3493
,1.3493
,1.3493
,1.3493
,1.3493
,1.3493
,1.3493
,1.3493
,1.3493
,1.3493
,1.3493
,1.3493
,1.3493
,1.3493
,1.3493
,1.3493
,1.3493
,1.3493
,1.3493
,1.3625
,1.3625
,1.3625
,1.3625
,1.3625
,1.3625
,1.3625
,1.3625
,1.3625
,1.3625
,1.3625
,1.3625
,1.3625
,1.3625
,1.3625
,1.3625
,1.3625
,1.3625
,1.3625
,1.3625
,1.3625
,1.3625
,1.3625
,1.3625
,1.3625
,1.3625
,1.3625
,1.3625
,1.3625
,1.3625
,1.3625
,1.3625
,1.3625
,1.3625
,1.3625
,1.3625
,1.3625
,1.3625
,1.3625
,1.3625
,1.3625
,1.3625
,1.3625
,1.3625
,1.3625
,1.3625
,1.3625
,1.3625
,1.3625
,1.3625
,1.3625
,1.3625
,1.3625
,1.3625
,1.3625
,1.3625
,1.3625
,1.3625
,1.3625
,1.3625
,1.3625
,1.3625
,1.3625
,1.3625
,1.3625
,1.3625
,1.3625
,1.3625
,1.3625
,1.3625
,1.3625
,1.3625
,1.3645
,1.3645
,1.3645
,1.3645
,1.3645
,1.3645
,1.3645
,1.3645
,1.3645
,1.3645
,1.3645
,1.3645
,1.3645
,1.3645
,1.3645
,1.3645
,1.3645
,1.3645
,1.3645
,1.3645
,1.3645
,1.3645
,1.3645
,1.3645
,1.3645
,1.3645
,1.3645
,1.3645
,1.3645
,1.3645
,1.3645
,1.3645
,1.3645
,1.3645
,1.3645
,1.3645
,1.3645
,1.3645
,1.3645
,1.3645
,1.3645
,1.3645
,1.3645
,1.3645
,1.3645
,1.3645
,1.3645
,1.3645
,1.3645
,1.3645
,1.3645
,1.3645
,1.3645
,1.3645
,1.3645
,1.3645
,1.3645
,1.3645
,1.3645
,1.3645
,1.3645
,1.3645
,1.3645
,1.3645
,1.3645
,1.3645
,1.3645
,1.3645
,1.3645
,1.3645
,1.3645
,1.3645
,1.3645
,1.3645
,1.3645
,1.3645
,1.3645
,1.3645
,1.3645
,1.3645
,1.3645
,1.3645
,1.3645
,1.3645
,1.3645
,1.3645
,1.3663
,1.3663
,1.3663
,1.3663
,1.3663
,1.3663
,1.3663
,1.3663
,1.3663
,1.3663
,1.3663
,1.3663
,1.3663
,1.3663
,1.3663
,1.3663
,1.3663
,1.3663
,1.3663
,1.3663
,1.3663
,1.3663
,1.3663
,1.3663
,1.3663
,1.3663
,1.3663
,1.3663
,1.3663
,1.3663
,1.3663
,1.3663
,1.3663
,1.3663
,1.3663
,1.3663
,1.3663
,1.3663
,1.3663
,1.3663
,1.3663
,1.3663
,1.3663
,1.3663
,1.3663
,1.3663
,1.3663
,1.3663
,1.3663
,1.3663
,1.3663
,1.3667
,1.3667
,1.3667
,1.3667
,1.3667
,1.3667
,1.3667
,1.3667
,1.3667
,1.3667
,1.3667
,1.3667
,1.3667
,1.3667
,1.3667
,1.3667
,1.3667
,1.3667
,1.3667
,1.3667
,1.3667
,1.3667
,1.3667
,1.3667
,1.3667
,1.3667
,1.3667
,1.3667
,1.3667
,1.3667
,1.3667
,1.3667
,1.3667
,1.3667
,1.3667
,1.3667
,1.3667
,1.3667
,1.3667
,1.3667
,1.3667
,1.3667
,1.3667
,1.3667
,1.3667
,1.3667
,1.3667
,1.3667
,1.3667
,1.3667
,1.3667
,1.3667
,1.3667
,1.3667
,1.3667
,1.3667
,1.3667
,1.3667
,1.3667
,1.3667
,1.3667
,1.3667
,1.3667
,1.3753
,1.3753
,1.3753
,1.3753
,1.3753
,1.3753
,1.3753
,1.3753
,1.3753
,1.3753
,1.3753
,1.3753
,1.3753
,1.3753
,1.3753
,1.3753
,1.3753
,1.3753
,1.3753
,1.3753
,1.3753
,1.3753
,1.3753
,1.3753
,1.3753
,1.3753
,1.3753
,1.3753
,1.3753
,1.3753
,1.3753
,1.3753
,1.3753
,1.3753
,1.3753
,1.3753
,1.3753
,1.3753
,1.3753
,1.3753
,1.3753
,1.3753
,1.3753
,1.3753
,1.3753
,1.3753
,1.3753
,1.3753
,1.3753
,1.3753
,1.3753
,1.3753
,1.3753
,1.3753
,1.3753
,1.3753
,1.3753
,1.3753
,1.3753
,1.3753
,1.3753
,1.3753
,1.3753
,1.3753
,1.3753
,1.3753
,1.3753
,1.3753
,1.3753
,1.3753
,1.3753
,1.3753
,1.3753
,1.3753
,1.3753
,1.3753
,1.3753
,1.3753
,1.3753
,1.3753
,1.3753
,1.3753
,1.3753
,1.3753
,1.3753
,1.3753
,1.3753
,1.3773
,1.3773
,1.3773
,1.3773
,1.3773
,1.3773
,1.3773
,1.3773
,1.3773
,1.3773
,1.3773
,1.3773
,1.3773
,1.3773
,1.3773
,1.3773
,1.3773
,1.3773
,1.3773
,1.3773
,1.3773
,1.3773
,1.3773
,1.3773
,1.3773
,1.3773
,1.3773
,1.3773
,1.3773
,1.3773
,1.3773
,1.3773
,1.3773
,1.3773
,1.3773
,1.3773
,1.3773
,1.3773
,1.3773
,1.3773
,1.3773
,1.3773
,1.3773
,1.3773
,1.3773
,1.3773
,1.3773
,1.3773
,1.3773
,1.3773
,1.3773
,1.381
,1.381
,1.381
,1.381
,1.381
,1.381
,1.381
,1.381
,1.381
,1.381
,1.381
,1.381
,1.381
,1.381
,1.381
,1.381
,1.381
,1.381
,1.381
,1.381
,1.381
,1.381
,1.381
,1.381
,1.381
,1.381
,1.381
,1.381
,1.381
,1.381
,1.381
,1.381
,1.381
,1.381
,1.381
,1.381
,1.381
,1.381
,1.381
,1.381
,1.381
,1.381
,1.381
,1.381
,1.381
,1.381
,1.381
,1.381
,1.381
,1.381
,1.381
,1.381
,1.381
,1.381
,1.381
,1.381
,1.381
,1.381
,1.381
,1.381
,1.381
,1.381
,1.381
,1.381
,1.381
,1.381
,1.381
,1.381
,1.381
,1.381
,1.381
,1.381
,1.381
,1.381
,1.381
,1.381
,1.381
,1.381
,1.381
,1.381
,1.381
,1.381
,1.381
,1.381
,1.381
,1.381
,1.3905
,1.3905
,1.3905
,1.3905
,1.3905
,1.3905
,1.3905
,1.3905
,1.3905
,1.3905
,1.3905
,1.3905
,1.3905
,1.3905
,1.3905
,1.3905
,1.3905
,1.3905
,1.3905
,1.3905
,1.3905
,1.3905
,1.3905
,1.3905
,1.3905
,1.3905
,1.3905
,1.3905
,1.3905
,1.3905
,1.3905
,1.3905
,1.3905
,1.3905
,1.3905
,1.3905
,1.3905
,1.3905
,1.3905
,1.3905
,1.3905
,1.3905
,1.3905
,1.3905
,1.3905
,1.3905
,1.3905
,1.3905
,1.3905
,1.3905
,1.3905
,1.3905
,1.3905
,1.3905
,1.3905
,1.3905
,1.3905
,1.3905
,1.3905
,1.3905
,1.3905
,1.3905
,1.3905
,1.3905
,1.3905
,1.3905
,1.3905
,1.3905
,1.3905
,1.3905
,1.3905
,1.3905
,1.3905
,1.3905
,1.3905
,1.3905
,1.3905
,1.3905
,1.3905
,1.3905
,1.3905
,1.3905
,1.3905
,1.3905
,1.3905
,1.3905
,1.3905
,1.3905
,1.3905
,1.3905
,1.3905
,1.3905
,1.3905
,1.3905
,1.3905
,1.3905
,1.3905
,1.3905
,1.3905
,1.3905
,1.3905
,1.3905
,1.3905
,1.3905
,1.3905
,1.3905
,1.3905
,1.3905
,1.3955
,1.3955
,1.3955
,1.3955
,1.3955
,1.3955
,1.3955
,1.3955
,1.3955
,1.3955
,1.3955
,1.3955
,1.3955
,1.3955
,1.3955
,1.3955
,1.3955
,1.3955
,1.3955
,1.3955
,1.3955
,1.3955
,1.3955
,1.3955
,1.3955
,1.3955
,1.3955
,1.3955
,1.3955
,1.3955
,1.3955
,1.3955
,1.3955
,1.3955
,1.3955
,1.3955
,1.3955
,1.3955
,1.3955
,1.3955
,1.3955
,1.3955
,1.3955
,1.3955
,1.3955
,1.3955
,1.3955
,1.3955
,1.3955
,1.3955
,1.3955
,1.3955
,1.3955
,1.3955
,1.3955
,1.3955
,1.3955
,1.3955
,1.3955
,1.3955
,1.3955
,1.3955
,1.3955
,1.3955
,1.3955
,1.3955
,1.3955
,1.3955
,1.3955
,1.3955
,1.3955
,1.3955
,1.3955
,1.3955
,1.3955
,1.3955
,1.3955
,1.4243
,1.4243
,1.4243
,1.4243
,1.4243
,1.4243
,1.4243
,1.4243
,1.4243
,1.4243
,1.4243
,1.4243
,1.4243
,1.4243
,1.4243
,1.4243
,1.4243
,1.4243
,1.4243
,1.4243
,1.4243
,1.4243
,1.4243
,1.4243
,1.4243
,1.4243
,1.4243
,1.4243
,1.4243
,1.4243
,1.4243
,1.4243
,1.4243
,1.4243
,1.4243
,1.4243
,1.4243
,1.4243
,1.4243
,1.4243
,1.4243
,1.4243
,1.4243
,1.4243
,1.4243
,1.4243
,1.4243
,1.4243
,1.4243
,1.4243
,1.4243
,1.4243
,1.4243
,1.4243
,1.4243
,1.4243
,1.4243
,1.4243
,1.4243
,1.4243
,1.4243
,1.4243
,1.4243
,1.4243
,1.4243
,1.4243
,1.4243
,1.4243
,1.4243
,1.4243
,1.4243
,1.4243
,1.4243
,1.4243
,1.4243
,1.4243
,1.4243
,1.4243
,1.4243
,1.4243
,1.4243
,1.4243
,1.4243
,1.4243
,1.4243
,1.4243
,1.4243
,1.4243
,1.4243
,1.4243
,1.4243
,1.4243
,1.4243
,1.4243
,1.4243
,1.4243
,1.4243
,1.4243
,1.4243
,1.4243
,1.4488
,1.4488
,1.4488
,1.4488
,1.4488
,1.4488
,1.4488
,1.4488
,1.4488
,1.4488
,1.4488
,1.4488
,1.4488
,1.4488
,1.4488
,1.4488
,1.4488
,1.4488
,1.4488
,1.4488
,1.4488
,1.4488
,1.4488
,1.4488
,1.4488
,1.4488
,1.4488
,1.4488
,1.4488
,1.4488
,1.4488
,1.4488
,1.4488
,1.4488
,1.4488
,1.4488
,1.4488
,1.4488
,1.4488
,1.4488
,1.4488
,1.4488
,1.4488
,1.4488
,1.4488
,1.4488
,1.4488
,1.4488
,1.4488
,1.4488
,1.4488
,1.4488
,1.4488
,1.4488
,1.4488
,1.4488
,1.4488
,1.4488
,1.4488
,1.4488
,1.4488
,1.4488
,1.4488
,1.4488
,1.4488
,1.4488
,1.4488
,1.4488
,1.4488
,1.4488
,1.4488
,1.4488
,1.453
,1.453
,1.453
,1.453
,1.453
,1.453
,1.453
,1.453
,1.453
,1.453
,1.453
,1.453
,1.453
,1.453
,1.453
,1.453
,1.453
,1.453
,1.453
,1.453
,1.453
,1.453
,1.453
,1.453
,1.453
,1.453
,1.453
,1.453
,1.453
,1.453
,1.453
,1.453
,1.453
,1.453
,1.453
,1.453
,1.453
,1.453
,1.453
,1.453
,1.453
,1.453
,1.453
,1.453
,1.453
,1.453
,1.453
,1.453
,1.453
,1.453
,1.453
,1.453
,1.453
,1.453
,1.453
,1.453
,1.453
,1.453
,1.453
,1.453
,1.453
,1.453
,1.453
,1.453
,1.453
,1.453
,1.453
,1.453
,1.453
,1.453
,1.453
,1.453
,1.453
,1.453
,1.453
,1.453
,1.453
,1.453
,1.453
,1.453
,1.453
,1.453
,1.453
,1.453
,1.453
,1.453
,1.453
,1.453
,1.453
,1.453
,1.4537
,1.4537
,1.4537
,1.4537
,1.4537
,1.4537
,1.4537
,1.4537
,1.4537
,1.4537
,1.4537
,1.4537
,1.4537
,1.4537
,1.4537
,1.4537
,1.4537
,1.4537
,1.4537
,1.4537
,1.4537
,1.4537
,1.4537
,1.4537
,1.4537
,1.4537
,1.4537
,1.4537
,1.4537
,1.4537
,1.4537
,1.4537
,1.4537
,1.4537
,1.4537
,1.4537
,1.4537
,1.4537
,1.4537
,1.4537
,1.4537
,1.4537
,1.4537
,1.4537
,1.4537
,1.4537
,1.4537
,1.4537
,1.4537
,1.4537
,1.4537
,1.4537
,1.4537
,1.4537
,1.4537
,1.4537
,1.4537
,1.4537
,1.4537
,1.4537
,1.4537
,1.4537
,1.4537
,1.454
,1.454
,1.454
,1.454
,1.454
,1.454
,1.454
,1.454
,1.454
,1.454
,1.454
,1.454
,1.454
,1.454
,1.454
,1.454
,1.454
,1.454
,1.454
,1.454
,1.454
,1.454
,1.454
,1.454
,1.454
,1.454
,1.454
,1.454
,1.454
,1.454
,1.454
,1.454
,1.454
,1.454
,1.454
,1.454
,1.454
,1.454
,1.454
,1.454
,1.454
,1.454
,1.454
,1.454
,1.454
,1.454
,1.454
,1.454
,1.454
,1.454
,1.454
,1.454
,1.454
,1.454
,1.454
,1.454
,1.454
,1.454
,1.454
,1.454
,1.454
,1.454
,1.454
,1.454
,1.454
,1.454
,1.454
,1.454
,1.454
,1.454
,1.454
,1.454
,1.454
,1.454
,1.454
,1.454
,1.454
,1.454
,1.454
,1.454
,1.454
,1.454
,1.454
,1.454
,1.454
,1.454
,1.454
,1.454
,1.454
,1.454
,1.4625
,1.4625
,1.4625
,1.4625
,1.4625
,1.4625
,1.4625
,1.4625
,1.4625
,1.4625
,1.4625
,1.4625
,1.4625
,1.4625
,1.4625
,1.4625
,1.4625
,1.4625
,1.4625
,1.4625
,1.4625
,1.4625
,1.4625
,1.4625
,1.4625
,1.4625
,1.4625
,1.4625
,1.4625
,1.4625
,1.4625
,1.4625
,1.4625
,1.4625
,1.4625
,1.4625
,1.4625
,1.4625
,1.4625
,1.4625
,1.4625
,1.4625
,1.4625
,1.4625
,1.4625
,1.4625
,1.4625
,1.4625
,1.4625
,1.4625
,1.4625
,1.4625
,1.4625
,1.4625
,1.4625
,1.4625
,1.4625
,1.4625
,1.4625
,1.4625
,1.4625
,1.4625
,1.4625
,1.4625
,1.4625
,1.4625
,1.4625
,1.4625
,1.4625
,1.4625
,1.4625
,1.4625
,1.4625
,1.4625
,1.4625
,1.4625
,1.4625
,1.4625
,1.4625
,1.4625
,1.4625
,1.4625
,1.4625
,1.4625
,1.4625
,1.4625
,1.4625
,1.4625
,1.4625
,1.4625
,1.4625
,1.4625
,1.4625
,1.4625
,1.4625
,1.4625
,1.5013
,1.5013
,1.5013
,1.5013
,1.5013
,1.5013
,1.5013
,1.5013
,1.5013
,1.5013
,1.5013
,1.5013
,1.5013
,1.5013
,1.5013
,1.5013
,1.5013
,1.5013
,1.5013
,1.5013
,1.5013
,1.5013
,1.5013
,1.5013
,1.5013
,1.5013
,1.5013
,1.5013
,1.5013
,1.5013
,1.5013
,1.5013
,1.5013
,1.5013
,1.5013
,1.5013
,1.5013
,1.5013
,1.5013
,1.5013
,1.5013
,1.5013
,1.5013
,1.5013
,1.5013
,1.5013
,1.5013
,1.5013
,1.5013
,1.5013
,1.5013
,1.5013
,1.5013
,1.5013
,1.5013
,1.5013
,1.5013
,1.5013
,1.5013
,1.5013
,1.5013
,1.5013
,1.5013
,1.5013
,1.5013
,1.5013
,1.5013
,1.5013
,1.5013
,1.5013
,1.5013
,1.5013
,1.5013
,1.5013
,1.5013
,1.5013
,1.5013
,1.5013
,1.5013
,1.5013
,1.5013
,1.5013
,1.5013
,1.5013
,1.5013
,1.5013
,1.5013
,1.5013
,1.5013
,1.5013
,1.5013
,1.5013
,1.5425
,1.5425
,1.5425
,1.5425
,1.5425
,1.5425
,1.5425
,1.5425
,1.5425
,1.5425
,1.5425
,1.5425
,1.5425
,1.5425
,1.5425
,1.5425
,1.5425
,1.5425
,1.5425
,1.5425
,1.5425
,1.5425
,1.5425
,1.5425
,1.5425
,1.5425
,1.5425
,1.5425
,1.5425
,1.5425
,1.5425
,1.5425
,1.5425
,1.5425
,1.5425
,1.5425
,1.5425
,1.5425
,1.5425
,1.5425
,1.5425
,1.5425
,1.5425
,1.5425
,1.5425
,1.5425
,1.5425
,1.5425
,1.5425
,1.5425
,1.5425
,1.5425
,1.5425
,1.5425
,1.5425
,1.5425
,1.5425
,1.5425
,1.5425
,1.5695
,1.5695
,1.5695
,1.5695
,1.5695
,1.5695
,1.5695
,1.5695
,1.5695
,1.5695
,1.5695
,1.5695
,1.5695
,1.5695
,1.5695
,1.5695
,1.5695
,1.5695
,1.5695
,1.5695
,1.5695
,1.5695
,1.5695
,1.5695
,1.5695
,1.5695
,1.5695
,1.5695
,1.5695
,1.5695
,1.5695
,1.5695
,1.5695
,1.5695
,1.5695
,1.5695
,1.5695
,1.5695
,1.5695
,1.5695
,1.5695
,1.5695
,1.5695
,1.5695
,1.5695
,1.5695
,1.5695
,1.5695
,1.5695
,1.5695
,1.5695
,1.5695
,1.5695
,1.5695
,1.5695
,1.5695
,1.5695
,1.5695
,1.5695
,1.5695
,1.5695
,1.5695
,1.5695
,1.5695
,1.5695
,1.5695
,1.5695
,1.5695
,1.5695
,1.5695
,1.5695
,1.5695
,1.5695
,1.5695
,1.5695
,1.5695
,1.5695
,1.5695
,1.5695
,1.5695
,1.5695
,1.5695
,1.5695
,1.5695
,1.5695
,1.5695
,1.5695
,1.5695
,1.5695
,1.5695
,1.5695
,1.5695
,1.5695
,1.5695
,1.5695
,1.5695
,1.5695
,1.5695
,1.5695
,1.5695
,1.5695
,1.5695
,1.5695
,1.5695
,1.5695
,1.5695
,1.5695
,1.5695
,1.5695
,1.5818
,1.5818
,1.5818
,1.5818
,1.5818
,1.5818
,1.5818
,1.5818
,1.5818
,1.5818
,1.5818
,1.5818
,1.5818
,1.5818
,1.5818
,1.5818
,1.5818
,1.5818
,1.5818
,1.5818
,1.5818
,1.5818
,1.5818
,1.5818
,1.5818
,1.5818
,1.5818
,1.5818
,1.5818
,1.5818
,1.5818
,1.5818
,1.5818
,1.5818
,1.5818
,1.5818
,1.5818
,1.5818
,1.5818
,1.5818
,1.5818
,1.5818
,1.5818
,1.5818
,1.5818
,1.5818
,1.5818
,1.5818
,1.5818
,1.5818
,1.5818
,1.5818
,1.5818
,1.5818
,1.5818
,1.5818
,1.5818
,1.5818
,1.5818
,1.5818
,1.5818
,1.5818
,1.5818
,1.5818
,1.5818
,1.5818
,1.5818
,1.5818
,1.5818
,1.5818
,1.5818
,1.5818
,1.5818
,1.5818
,1.5818
,1.5818
,1.5818
,1.5818
,1.5818
,1.5818
,1.5818
,1.5818
,1.5818
,1.5818
,1.5818
,1.5818
,1.582
,1.582
,1.582
,1.582
,1.582
,1.582
,1.582
,1.582
,1.582
,1.582
,1.582
,1.582
,1.582
,1.582
,1.582
,1.582
,1.582
,1.582
,1.582
,1.582
,1.582
,1.582
,1.582
,1.582
,1.582
,1.582
,1.582
,1.582
,1.582
,1.582
,1.582
,1.582
,1.582
,1.582
,1.582
,1.582
,1.582
,1.582
,1.582
,1.582
,1.582
,1.582
,1.582
,1.582
,1.582
,1.582
,1.582
,1.582
,1.582
,1.582
,1.582
,1.582
,1.582
,1.582
,1.582
,1.582
,1.582
,1.582
,1.582
,1.582
,1.582
,1.582
,1.582
,1.582
,1.582
,1.582
,1.582
,1.582
,1.582
,1.582
,1.582
,1.582
,1.582
,1.582
,1.582
,1.582
,1.582
,1.582
,1.582
,1.582
,1.582
,1.582
,1.582
,1.582
,1.582
,1.582
,1.582
,1.582
,1.582
,1.582
,1.582
,1.582
,1.582
,1.582
,1.582
,1.582
,1.582
,1.582
,1.582
,1.582
,1.582
,1.582
,1.582
,1.582
,1.582
,1.582
,1.582
,1.582
,1.582
,1.582
,1.582
,1.582
,1.582
,1.582
,1.6003
,1.6003
,1.6003
,1.6003
,1.6003
,1.6003
,1.6003
,1.6003
,1.6003
,1.6003
,1.6003
,1.6003
,1.6003
,1.6003
,1.6003
,1.6003
,1.6003
,1.6003
,1.6003
,1.6003
,1.6003
,1.6003
,1.6003
,1.6003
,1.6003
,1.6003
,1.6003
,1.6003
,1.6003
,1.6003
,1.6003
,1.6003
,1.6003
,1.6003
,1.6003
,1.6003
,1.6003
,1.6003
,1.6003
,1.6003
,1.6003
,1.6003
,1.6003
,1.6003
,1.6003
,1.6003
,1.6003
,1.6003
,1.6003
,1.6003
,1.6003
,1.6003
,1.6003
,1.6003
,1.6003
,1.6003
,1.6003
,1.6003
,1.6003
,1.6003
,1.6003
,1.6003
,1.6003
,1.6003
,1.6003
,1.6003
,1.6003
,1.6003
,1.6003
,1.6003
,1.6007
,1.6007
,1.6007
,1.6007
,1.6007
,1.6007
,1.6007
,1.6007
,1.6007
,1.6007
,1.6007
,1.6007
,1.6007
,1.6007
,1.6007
,1.6007
,1.6007
,1.6007
,1.6007
,1.6007
,1.6007
,1.6007
,1.6007
,1.6007
,1.6007
,1.6007
,1.6007
,1.6007
,1.6007
,1.6007
,1.6007
,1.6007
,1.6007
,1.6007
,1.6007
,1.6007
,1.6007
,1.6007
,1.6007
,1.6007
,1.6007
,1.6007
,1.6007
,1.6007
,1.6007
,1.6007
,1.6007
,1.6007
,1.6007
,1.6007
,1.6007
,1.6007
,1.6007
,1.6007
,1.6007
,1.6007
,1.6007
,1.6007
,1.6007
,1.6007
,1.6007
,1.6007
,1.6007
,1.6007
,1.6007
,1.6007
,1.6007
,1.6007
,1.6007
,1.6007
,1.6007
,1.6007
,1.6007
,1.6007
,1.6007
,1.6007
,1.6007
,1.6007
,1.6007
,1.6007
,1.6007
,1.6007
,1.6007
,1.6007
,1.6007
,1.6007
,1.6007
,1.6007
,1.6007
,1.6007
,1.6007
,1.6007
,1.6007
,1.6007
,1.6007
,1.6007
,1.6007
,1.6007
,1.6007
,1.6007
,1.6007
,1.645
,1.645
,1.645
,1.645
,1.645
,1.645
,1.645
,1.645
,1.645
,1.645
,1.645
,1.645
,1.645
,1.645
,1.645
,1.645
,1.645
,1.645
,1.645
,1.645
,1.645
,1.645
,1.645
,1.645
,1.645
,1.645
,1.645
,1.645
,1.645
,1.645
,1.645
,1.645
,1.645
,1.645
,1.645
,1.645
,1.645
,1.645
,1.645
,1.645
,1.645
,1.645
,1.645
,1.645
,1.645
,1.645
,1.645
,1.645
,1.645
,1.645
,1.645
,1.645
,1.645
,1.645
,1.645
,1.645
,1.645
,1.645
,1.645
,1.645
,1.645
,1.645
,1.645
,1.645
,1.645
,1.645
,1.645
,1.645
,1.645
,1.645
,1.645
,1.645
,1.645
,1.645
,1.645
,1.645
,1.645
,1.645
,1.645
,1.645
,1.645
,1.645
,1.645
,1.645
,1.645
,1.645
,1.645
,1.645
,1.645
,1.645
,1.645
,1.645
,1.645
,1.645
,1.645
,1.645
,1.645
,1.645
,1.645
,1.645
,1.645
,1.645
,1.645
,1.6455
,1.6455
,1.6455
,1.6455
,1.6455
,1.6455
,1.6455
,1.6455
,1.6455
,1.6455
,1.6455
,1.6455
,1.6455
,1.6455
,1.6455
,1.6455
,1.6455
,1.6455
,1.6455
,1.6455
,1.6455
,1.6455
,1.6455
,1.6455
,1.6455
,1.6455
,1.6455
,1.6455
,1.6455
,1.6455
,1.6455
,1.6455
,1.6455
,1.6455
,1.6455
,1.6455
,1.6455
,1.6455
,1.6455
,1.6455
,1.6455
,1.6455
,1.6455
,1.6455
,1.6455
,1.6455
,1.6455
,1.6455
,1.6455
,1.6455
,1.6455
,1.6455
,1.6455
,1.6455
,1.6455
,1.6455
,1.6455
,1.6455
,1.6455
,1.6455
,1.6455
,1.6455
,1.6455
,1.6455
,1.6455
,1.6455
,1.6455
,1.6455
,1.6455
,1.6455
,1.6455
,1.6455
,1.6455
,1.6455
,1.6455
,1.6455
,1.6455
,1.6455
,1.6655
,1.6655
,1.6655
,1.6655
,1.6655
,1.6655
,1.6655
,1.6655
,1.6655
,1.6655
,1.6655
,1.6655
,1.6655
,1.6655
,1.6655
,1.6655
,1.6655
,1.6655
,1.6655
,1.6655
,1.6655
,1.6655
,1.6655
,1.6655
,1.6655
,1.6655
,1.6655
,1.6655
,1.6655
,1.6655
,1.6655
,1.6655
,1.6655
,1.6655
,1.6655
,1.6655
,1.6663
,1.6663
,1.6663
,1.6663
,1.6663
,1.6663
,1.6663
,1.6663
,1.6663
,1.6663
,1.6663
,1.6663
,1.6663
,1.6663
,1.6663
,1.6663
,1.6663
,1.6663
,1.6663
,1.6663
,1.6663
,1.6663
,1.6663
,1.6663
,1.6663
,1.6663
,1.6663
,1.6663
,1.6663
,1.6663
,1.6663
,1.6663
,1.6663
,1.6663
,1.6663
,1.6663
,1.6663
,1.6663
,1.6663
,1.6663
,1.6663
,1.6663
,1.6663
,1.6663
,1.6663
,1.6663
,1.6663
,1.6663
,1.6663
,1.6663
,1.6663
,1.6663
,1.6663
,1.6663
,1.6663
,1.6663
,1.6663
,1.6663
,1.6663
,1.6663
,1.6663
,1.6663
,1.6663
,1.6663
,1.6663
,1.6663
,1.6663
,1.6663
,1.6663
,1.6663
,1.6663
,1.6663
,1.6663
,1.6663
,1.6663
,1.6663
,1.6663
,1.6663
,1.6663
,1.6663
,1.6663
,1.6663
,1.6663
,1.6663
,1.6663
,1.6663
,1.6663
,1.6663
,1.6663
,1.675
,1.675
,1.675
,1.675
,1.675
,1.675
,1.675
,1.675
,1.675
,1.675
,1.675
,1.675
,1.675
,1.675
,1.675
,1.675
,1.675
,1.675
,1.675
,1.675
,1.675
,1.675
,1.675
,1.675
,1.675
,1.675
,1.675
,1.675
,1.675
,1.675
,1.675
,1.675
,1.675
,1.675
,1.675
,1.675
,1.675
,1.675
,1.675
,1.675
,1.675
,1.675
,1.675
,1.675
,1.675
,1.675
,1.675
,1.675
,1.675
,1.675
,1.675
,1.675
,1.675
,1.675
,1.675
,1.675
,1.675
,1.675
,1.675
,1.675
,1.675
,1.675
,1.675
,1.675
,1.675
,1.675
,1.675
,1.675
,1.675
,1.675
,1.675
,1.675
,1.675
,1.675
,1.675
,1.675
,1.675
,1.675
,1.675
,1.675
,1.675
,1.675
,1.675
,1.675
,1.675
,1.675
,1.675
,1.675
,1.675
,1.675
,1.675
,1.675
,1.675
,1.675
,1.675
,1.675
,1.675
,1.675
,1.675
,1.675
,1.675
,1.675
,1.675
,1.675
,1.675
,1.675
,1.675
,1.675
,1.675
,1.675
,1.675
,1.675
,1.675
,1.675
,1.675
,1.675
,1.675
,1.675
,1.675
,1.675
,1.675
,1.675
,1.675
,1.675
,1.675
,1.675
,1.675
,1.675
,1.675
,1.675
,1.675
,1.675
,1.714
,1.714
,1.714
,1.714
,1.714
,1.714
,1.714
,1.714
,1.714
,1.714
,1.714
,1.714
,1.714
,1.714
,1.714
,1.714
,1.714
,1.714
,1.714
,1.714
,1.714
,1.714
,1.714
,1.714
,1.714
,1.714
,1.714
,1.714
,1.714
,1.714
,1.714
,1.714
,1.714
,1.714
,1.714
,1.714
,1.714
,1.714
,1.714
,1.714
,1.714
,1.714
,1.714
,1.714
,1.714
,1.714
,1.714
,1.714
,1.714
,1.714
,1.714
,1.714
,1.714
,1.714
,1.714
,1.714
,1.714
,1.714
,1.714
,1.714
,1.714
,1.714
,1.714
,1.714
,1.714
,1.714
,1.714
,1.714
,1.714
,1.714
,1.714
,1.714
,1.714
,1.714
,1.714
,1.714
,1.714
,1.714
,1.714
,1.714
,1.714
,1.714
,1.714
,1.714
,1.714
,1.714
,1.714
,1.714
,1.714
,1.714
,1.714
,1.714
,1.714
,1.714
,1.714
,1.714
,1.714
,1.714
,1.714
,1.714
,1.714
,1.714
,1.714
,1.7155
,1.7155
,1.7155
,1.7155
,1.7155
,1.7155
,1.7155
,1.7155
,1.7155
,1.7155
,1.7155
,1.7155
,1.7155
,1.7155
,1.7155
,1.7155
,1.7155
,1.7155
,1.7155
,1.7155
,1.7155
,1.7155
,1.7155
,1.7155
,1.7155
,1.7155
,1.7155
,1.7155
,1.7155
,1.7155
,1.7155
,1.7155
,1.7155
,1.7155
,1.7155
,1.7155
,1.7155
,1.7155
,1.7155
,1.7155
,1.7155
,1.7155
,1.7155
,1.7155
,1.7155
,1.7155
,1.7155
,1.7155
,1.7155
,1.7155
,1.7155
,1.7155
,1.7155
,1.7155
,1.7155
,1.7155
,1.7155
,1.7155
,1.7155
,1.7155
,1.7155
,1.7155
,1.7155
,1.7155
,1.7155
,1.7155
,1.7155
,1.7155
,1.7155
,1.7155
,1.7155
,1.7155
,1.7155
,1.7155
,1.7155
,1.7155
,1.7155
,1.7155
,1.7155
,1.7155
,1.7155
,1.7155
,1.7155
,1.7155
,1.7155
,1.7155
,1.7155
,1.7155
,1.7155
,1.7155
,1.7155
,1.7155
,1.7155
,1.7155
,1.7155
,1.7155
,1.7155
,1.7155
,1.7155
,1.7155
,1.7155
,1.7155
,1.7155
,1.7155
,1.7155
,1.7155
,1.7155
,1.7155
,1.7155
,1.7155
,1.7155
,1.7155
,1.7155
,1.7155
,1.7155
,1.7155
,1.7155
,1.7155
,1.7155
,1.7155
,1.7155
,1.7155
,1.7155
,1.7155
,1.7155
,1.7155
,1.7155
,1.7155
,1.7523
,1.7523
,1.7523
,1.7523
,1.7523
,1.7523
,1.7523
,1.7523
,1.7523
,1.7523
,1.7523
,1.7523
,1.7523
,1.7523
,1.7523
,1.7523
,1.7523
,1.7523
,1.7523
,1.7523
,1.7523
,1.7523
,1.7523
,1.7523
,1.7523
,1.7523
,1.7523
,1.7523
,1.7523
,1.7523
,1.7523
,1.7523
,1.7523
,1.7523
,1.7523
,1.7523
,1.7523
,1.7523
,1.7523
,1.7523
,1.7523
,1.7523
,1.7523
,1.7523
,1.7523
,1.7523
,1.7523
,1.7523
,1.7523
,1.7523
,1.7523
,1.7523
,1.7523
,1.7523
,1.7523
,1.7523
,1.7523
,1.7523
,1.7523
,1.7523
,1.7523
,1.7523
,1.7523
,1.7523
,1.7523
,1.7523
,1.7523
,1.7523
,1.7523
,1.7945
,1.7945
,1.7945
,1.7945
,1.7945
,1.7945
,1.7945
,1.7945
,1.7945
,1.7945
,1.7945
,1.7945
,1.7945
,1.7945
,1.7945
,1.7945
,1.7945
,1.7945
,1.7945
,1.7945
,1.7945
,1.7945
,1.7945
,1.7945
,1.7945
,1.7945
,1.7945
,1.7945
,1.7945
,1.7945
,1.7945
,1.7945
,1.7945
,1.7945
,1.7945
,1.7945
,1.7945
,1.7945
,1.7945
,1.7945
,1.7945
,1.7945
,1.7945
,1.7945
,1.7945
,1.7945
,1.7945
,1.7945
,1.7945
,1.7945
,1.7945
,1.7945
,1.7945
,1.7945
,1.7945
,1.7945
,1.7945
,1.7945
,1.7945
,1.7945
,1.7945
,1.7945
,1.7945
,1.7945
,1.7945
,1.7945
,1.7945
,1.7945
,1.7945
,1.7945
,1.7945
,1.7945
,1.7945
,1.7945
,1.7945
,1.7945
,1.7945
,1.7945
,1.7945
,1.7945
,1.7945
,1.7945
,1.7945
,1.7945
,1.7945
,1.7945
,1.7945
,1.7945
,1.7945
,1.7945
,1.7945
,1.7945
,1.7945
,1.7945
,1.7945
,1.7945
,1.7945
,1.7945
,1.7945
,1.7945
,1.7945
,1.7945
,1.7945
,1.7945
,1.7945
,1.7945
,1.7945
,1.7945
,1.7945
,1.7945
,1.7945
,1.7945
,1.7945
,1.7945
,1.7945
,1.7945
,1.7945
,1.7945
,1.7945
,1.7945
,1.7945
,1.8923
,1.8923
,1.8923
,1.8923
,1.8923
,1.8923
,1.8923
,1.8923
,1.8923
,1.8923
,1.8923
,1.8923
,1.8923
,1.8923
,1.8923
,1.8923
,1.8923
,1.8923
,1.8923
,1.8923
,1.8923
,1.8923
,1.8923
,1.8923
,1.8923
,1.8923
,1.8923
,1.8923
,1.8923
,1.8923
,1.8923
,1.8923
,1.8923
,1.8923
,1.8923
,1.8923
,1.8923
,1.8923
,1.8923
,1.8923
,1.8923
,1.8923
,1.8923
,1.8923
,1.8923
,1.8923
,1.8923
,1.8923
,1.8923
,1.8923
,1.8923
,1.8923
,1.8923
,1.8923
,1.8923
,1.8923
,1.8923
,1.8923
,1.8923
,1.8923
,1.8923
,1.8923
,1.8923
,1.8923
,1.8923
,1.8923
,1.8923
,1.8923
,1.8923
,1.8923
,1.8923
,1.8923
,1.8923
,1.8923
,1.8923
,1.8923
,1.8923
,1.8923
,1.8923
,1.8923
,1.8923
,1.8923
,1.8923
,1.8923
,1.8923
,1.8923
,1.8923
,1.8923
,1.8923
,1.8923
,1.8923
,1.8923
,1.8923
,1.8923
,1.8923
,1.8923
,1.8923
,1.8923
,1.8923
,1.8923
,1.8923
,1.8923
,1.8923
,1.8923
,1.8923
,1.8923
,1.8923
,1.8923
,1.8923
,1.8923
,1.8923
,1.8923
